"customer_state","total_orders","total_revenue"
"SP","40500","5770266.189999887"
"RJ","12350","2055690.4499999916"
"MG","11354","1819277.6100000057"
"RS","5345","861802.3999999963"
"PR","4923","781919.5499999989"
"SC","3546","595208.4000000013"
"BA","3256","591270.6000000014"
"DF","2080","346146.17000000045"
"GO","1957","334294.22000000026"
"ES","1995","317682.6500000014"
